site,yr,plotid,block,plot,meadow,snow,snow_notes,trt,trt2,ForbHits,GrassHits,NonVegHits,ShrubHits,TotalHits,PlantCov,VegHits,Forb_rel,Grass_rel,F2G_ratio,Geum_hits,Geum_rel,S,H,Forb_g_m2,Grass_g_m2,Total_g_m2
nutnet,2013,B1_1,B1,1,dry,no snow,never affected,C,C,77,55,21,0,153,79,132,58.333333333333336,41.66666666666667,1.4,17,12.878787878787879,28,2.682935501284935,84.32,69.37,153.69
nutnet,2013,B1_2,B1,2,dry,no snow,never affected,K,C,66,71,14,0,151,86,137,48.175182481751825,51.82481751824818,0.9295774647887324,0,0,26,2.001097970950045,20.83,105.96,126.78999999999999
nutnet,2013,B1_3,B1,3,dry,no snow,never affected,P,P,101,27,16,0,144,84,128,78.90625,21.09375,3.740740740740741,25,19.53125,29,2.724461260793892,83.03,80.75,163.78
nutnet,2013,B1_4,B1,4,dry,no snow,never affected,N,N,124,66,3,0,193,97,190,65.26315789473685,34.73684210526316,1.878787878787879,10,5.263157894736842,35,3.148523489752758,96.81,158.27,255.08
nutnet,2013,B1_5,B1,5,dry,no snow,never affected,P+K,P,87,63,15,0,165,85,150,57.99999999999999,42,1.380952380952381,1,0.6666666666666667,33,2.8629741229002965,127.64,37.12,164.76
nutnet,2013,B1_6,B1,6,dry,no snow,never affected,N+K,N,78,100,1,0,179,99,178,43.82022471910113,56.17977528089888,0.78,0,0,29,2.407980853374692,137.5,64.28,201.78
nutnet,2013,B1_7,B1,7,dry,no snow,never affected,N+P,N+P,147,90,0,0,237,100,237,62.0253164556962,37.9746835443038,1.6333333333333333,2,0.8438818565400843,35,3.0518538476843564,213.59,210.41,424
nutnet,2013,B1_8,B1,8,dry,no snow,never affected,N+P+K,N+P,110,124,0,0,234,100,234,47.008547008547005,52.991452991452995,0.8870967741935484,15,6.41025641025641,29,2.5931458432200913,126.42,203.29,329.71
nutnet,2013,B1_9,B1,9,dry,no snow,never affected,C,C,137,70,10,0,217,90,207,66.18357487922705,33.81642512077295,1.957142857142857,25,12.077294685990339,29,2.883282647327692,73.36,102.21,175.57
nutnet,2013,B1_10,B1,10,dry,no snow,never affected,N+P+K,N+P,157,71,2,0,230,98,228,68.85964912280701,31.140350877192986,2.211267605633803,7,3.070175438596491,39,3.188955895489293,112.98,159.14,272.12
nutnet,2013,B2_1,B2,1,dry,no snow,never affected,C,C,72,65,10,0,147,90,137,52.55474452554745,47.44525547445255,1.1076923076923078,21,15.328467153284672,23,2.2287261570625083,40.3,84.26,124.56
nutnet,2013,B2_2,B2,2,dry,no snow,never affected,K,C,63,91,10,0,164,90,154,40.909090909090914,59.09090909090909,0.6923076923076923,15,9.740259740259742,19,2.138909008035169,127.85,79.6,207.45
nutnet,2013,B2_3,B2,3,dry,no snow,never affected,P,P,82,84,10,0,176,90,166,49.39759036144578,50.602409638554214,0.9761904761904762,11,6.626506024096386,24,2.2716419282438993,63.82,59.18,123
nutnet,2013,B2_4,B2,4,dry,no snow,never affected,N,N,116,72,3,0,191,97,188,61.702127659574465,38.297872340425535,1.6111111111111112,25,13.297872340425531,25,2.578406834235956,93.41,142.05,235.46
nutnet,2013,B2_5,B2,5,dry,no snow,never affected,P+K,P,64,59,11,0,134,89,123,52.03252032520326,47.96747967479675,1.0847457627118644,1,0.8130081300813009,20,2.0958115162231827,85.66,77.36,163.01999999999998
nutnet,2013,B2_6,B2,6,dry,no snow,never affected,N+K,N,68,97,6,0,171,94,165,41.21212121212121,58.78787878787879,0.7010309278350515,5,3.0303030303030303,24,2.3537331039985623,86.31,101.1,187.41
nutnet,2013,B2_7,B2,7,dry,no snow,never affected,N+P,N+P,74,92,2,0,168,98,166,44.57831325301205,55.42168674698795,0.8043478260869565,4,2.4096385542168677,23,2.4393322556855597,39.68,309.91,349.59000000000003
nutnet,2013,B2_8,B2,8,dry,no snow,never affected,N+P+K,N+P,124,91,2,0,217,98,215,57.674418604651166,42.32558139534884,1.3626373626373627,15,6.976744186046512,24,2.609112932630544,175.72,170.28,346
nutnet,2013,B2_9,B2,9,dry,no snow,never affected,C,C,44,79,13,0,136,87,123,35.77235772357724,64.22764227642277,0.5569620253164557,9,7.317073170731707,18,1.812244298292086,44.11,167.02,211.13
nutnet,2013,B2_10,B2,10,dry,no snow,never affected,N+P+K,N+P,95,83,4,0,182,96,178,53.37078651685393,46.62921348314607,1.144578313253012,12,6.741573033707865,20,2.486749930447584,101.34,185.07,286.40999999999997
nutnet,2013,B3_1,B3,1,dry,no snow,never affected,C,C,40,66,14,0,120,86,106,37.735849056603776,62.264150943396224,0.6060606060606061,2,1.8867924528301887,21,2.028021216938108,23.7,44.96,68.66
nutnet,2013,B3_2,B3,2,dry,no snow,never affected,K,C,30,83,12,0,125,88,113,26.548672566371685,73.45132743362832,0.3614457831325301,0,0,17,1.8045769354593173,32.95,76.11,109.06
nutnet,2013,B3_3,B3,3,dry,no snow,never affected,P,P,53,72,16,0,141,84,125,42.4,57.599999999999994,0.7361111111111112,1,0.8,23,2.303594175400097,30.38,73.8,104.17999999999999
nutnet,2013,B3_4,B3,4,dry,no snow,never affected,N,N,47,118,6,0,171,94,165,28.484848484848484,71.51515151515152,0.3983050847457627,0,0,20,1.9180274590161799,31.45,150.75,182.2
nutnet,2013,B3_5,B3,5,dry,no snow,never affected,P+K,P,59,101,13,0,173,87,160,36.875,63.125,0.5841584158415841,11,6.875000000000001,18,2.1994071880535415,79.76,107.59,187.35000000000002
nutnet,2013,B3_6,B3,6,dry,no snow,never affected,N+K,N,49,84,10,0,143,90,133,36.84210526315789,63.1578947368421,0.5833333333333334,0,0,19,2.127273711788144,35.82,112.29,148.11
nutnet,2013,B3_7,B3,7,dry,no snow,never affected,N+P,N+P,157,130,1,0,288,99,287,54.70383275261324,45.29616724738676,1.2076923076923076,43,14.982578397212542,25,2.7251775400136498,123.45,147.91,271.36
nutnet,2013,B3_8,B3,8,dry,no snow,never affected,N+P+K,N+P,100,88,3,0,191,97,188,53.191489361702125,46.808510638297875,1.1363636363636365,11,5.851063829787234,25,2.7865309952099624,117.72,103.18,220.9
nutnet,2013,B3_9,B3,9,dry,no snow,never affected,C,C,76,60,13,0,149,87,136,55.88235294117647,44.11764705882353,1.2666666666666666,3,2.2058823529411766,22,2.3939539634109743,42.44,67.53,109.97
nutnet,2013,B3_10,B3,10,dry,no snow,never affected,N+P+K,N+P,83,101,4,0,188,96,184,45.108695652173914,54.891304347826086,0.8217821782178217,1,0.5434782608695652,20,2.579571010075005,97.53,205.15,302.68
nutnet,2013,B4_1,B4,1,dry,no snow,never affected,C,C,71,48,23,0,142,77,119,59.66386554621849,40.33613445378151,1.4791666666666667,5,4.201680672268908,21,2.420075198267023,68.92,55.11,124.03
nutnet,2013,B4_2,B4,2,dry,no snow,never affected,K,C,51,87,7,0,145,93,138,36.95652173913043,63.04347826086957,0.5862068965517241,3,2.1739130434782608,24,2.1556918502182913,74.5,67.57,142.07
nutnet,2013,B4_3,B4,3,dry,no snow,never affected,P,P,75,69,5,0,149,95,144,52.083333333333336,47.91666666666667,1.0869565217391304,17,11.805555555555555,21,2.545251811815076,105.22,68.26,173.48000000000002
nutnet,2013,B4_4,B4,4,dry,no snow,never affected,N,N,64,77,6,0,147,94,141,45.39007092198582,54.60992907801418,0.8311688311688312,5,3.546099290780142,26,2.354440774749957,51.2,115.77,166.97
nutnet,2013,B4_5,B4,5,dry,no snow,never affected,P+K,P,87,56,11,0,154,89,143,60.83916083916085,39.16083916083916,1.5535714285714286,17,11.888111888111888,23,2.5010614045229715,30.25,93.7,123.95
nutnet,2013,B4_6,B4,6,dry,no snow,never affected,N+K,N,98,88,7,0,193,93,186,52.68817204301075,47.31182795698925,1.1136363636363635,3,1.6129032258064515,24,2.5205059335897744,114.8,68.2,183
nutnet,2013,B4_7,B4,7,dry,no snow,never affected,N+P,N+P,130,100,4,0,234,96,230,56.52173913043478,43.47826086956522,1.3,1,0.43478260869565216,26,2.7845375599424558,131.36,181.55,312.91
nutnet,2013,B4_8,B4,8,dry,no snow,never affected,N+P+K,N+P,107,92,3,0,202,97,199,53.768844221105525,46.231155778894475,1.1630434782608696,0,0,29,2.8182040629268,189.2,375.3,564.5
nutnet,2013,B4_9,B4,9,dry,no snow,never affected,C,C,48,67,14,0,129,86,115,41.73913043478261,58.26086956521739,0.7164179104477612,0,0,23,2.285916724505432,37.68,59.39,97.07
nutnet,2013,B4_10,B4,10,dry,no snow,never affected,N+P+K,N+P,131,97,1,0,229,99,228,57.45614035087719,42.54385964912281,1.3505154639175259,0,0,30,2.90133257638347,169.12,127.64,296.76
nutnet,2017,B1_1,B1,1,dry,no snow,never affected,C,C,93,27,17,0,137,83,120,77.5,22.5,3.4444444444444446,17,14.166666666666666,28,2.745638244798427,NA,NA,NA
nutnet,2017,B1_2,B1,2,dry,no snow,never affected,K,C,39,61,22,0,122,78,100,39,61,0.639344262295082,1,1,18,2.0111988687567237,NA,NA,NA
nutnet,2017,B1_4,B1,4,dry,no snow,never affected,N,N,82,69,6,0,157,94,151,54.3046357615894,45.6953642384106,1.1884057971014492,31,20.52980132450331,24,2.2564040344802376,NA,NA,NA
nutnet,2017,B1_7,B1,7,dry,no snow,never affected,N+P,N+P,74,83,7,0,164,93,157,47.13375796178344,52.86624203821656,0.891566265060241,3,1.910828025477707,22,2.458717808059807,NA,NA,NA
nutnet,2017,B1_8,B1,8,dry,no snow,never affected,N+P+K,N+P,107,67,1,0,175,99,174,61.49425287356321,38.50574712643678,1.5970149253731343,10,5.747126436781609,26,2.659641228250535,NA,NA,NA
nutnet,2017,B1_9,B1,9,dry,no snow,never affected,C,C,110,76,6,0,192,94,186,59.13978494623656,40.86021505376344,1.4473684210526316,35,18.817204301075268,31,2.6024175855020646,NA,NA,NA
nutnet,2017,B1_10,B1,10,dry,no snow,never affected,N+P+K,N+P,163,37,8,0,208,92,200,81.5,18.5,4.405405405405405,5,2.5,29,2.94367188260383,NA,NA,NA
nutnet,2017,B2_1,B2,1,dry,no snow,never affected,C,C,44,73,19,0,136,81,117,37.60683760683761,62.39316239316239,0.6027397260273972,6,5.128205128205128,21,1.9779467894869656,NA,NA,NA
nutnet,2017,B2_2,B2,2,dry,no snow,never affected,K,C,70,56,12,0,138,88,126,55.55555555555556,44.44444444444444,1.25,21,16.666666666666664,17,2.2879419527455203,NA,NA,NA
nutnet,2017,B2_4,B2,4,dry,no snow,never affected,N,N,62,40,17,0,119,83,102,60.78431372549019,39.21568627450981,1.55,21,20.588235294117645,20,2.3093449296066177,NA,NA,NA
nutnet,2017,B2_7,B2,7,dry,no snow,never affected,N+P,N+P,66,63,14,0,143,86,129,51.162790697674424,48.837209302325576,1.0476190476190477,0,0,17,2.4091450040441584,NA,NA,NA
nutnet,2017,B2_8,B2,8,dry,no snow,never affected,N+P+K,N+P,102,54,8,0,164,92,156,65.38461538461539,34.61538461538461,1.8888888888888888,19,12.179487179487179,19,2.6219648921521257,NA,NA,NA
nutnet,2017,B2_9,B2,9,dry,no snow,never affected,C,C,43,81,20,0,144,80,124,34.67741935483871,65.32258064516128,0.5308641975308642,15,12.096774193548388,17,1.8149923110302566,NA,NA,NA
nutnet,2017,B2_10,B2,10,dry,no snow,never affected,N+P+K,N+P,79,57,18,0,154,82,136,58.08823529411765,41.911764705882355,1.3859649122807018,8,5.88235294117647,19,2.41707357462503,NA,NA,NA
nutnet,2017,B3_1,B3,1,dry,no snow,never affected,C,C,34,40,40,0,114,60,74,45.94594594594595,54.054054054054056,0.85,0,0,17,2.1062023123716185,NA,NA,NA
nutnet,2017,B3_2,B3,2,dry,no snow,never affected,K,C,24,64,27,0,115,73,88,27.27272727272727,72.72727272727273,0.375,0,0,20,1.8734599557171696,NA,NA,NA
nutnet,2017,B3_4,B3,4,dry,no snow,never affected,N,N,10,106,8,0,124,92,116,8.620689655172415,91.37931034482759,0.09433962264150944,0,0,12,1.089730920975667,NA,NA,NA
nutnet,2017,B3_7,B3,7,dry,no snow,never affected,N+P,N+P,108,22,2,0,132,98,130,83.07692307692308,16.923076923076923,4.909090909090909,67,51.53846153846153,13,1.8108507191372984,NA,NA,NA
nutnet,2017,B3_8,B3,8,dry,no snow,never affected,N+P+K,N+P,81,26,30,0,137,70,107,75.70093457943925,24.299065420560748,3.1153846153846154,23,21.49532710280374,18,2.4794397817519824,NA,NA,NA
nutnet,2017,B3_9,B3,9,dry,no snow,never affected,C,C,67,34,19,0,120,81,101,66.33663366336634,33.663366336633665,1.9705882352941178,12,11.881188118811881,21,2.446329581082077,NA,NA,NA
nutnet,2017,B3_10,B3,10,dry,no snow,never affected,N+P+K,N+P,80,40,17,0,137,83,120,66.66666666666666,33.33333333333333,2,16,13.333333333333334,18,2.598179686560782,NA,NA,NA
nutnet,2017,B4_1,B4,1,dry,no snow,never affected,C,C,84,38,84,0,206,16,122,68.85245901639344,31.147540983606557,2.210526315789474,20,16.39344262295082,15,2.2378387155199433,NA,NA,NA
nutnet,2017,B4_2,B4,2,dry,no snow,never affected,K,C,38,34,37,0,109,63,72,52.77777777777778,47.22222222222222,1.1176470588235294,8,11.11111111111111,19,2.3118506710321265,NA,NA,NA
nutnet,2017,B4_6,B4,6,dry,no snow,never affected,N+K,N,36,75,16,0,127,84,111,32.432432432432435,67.56756756756756,0.48,3,2.7027027027027026,18,1.7754502724891548,NA,NA,NA
nutnet,2017,B4_7,B4,7,dry,no snow,never affected,N+P,N+P,54,33,28,0,115,72,87,62.06896551724138,37.93103448275862,1.6363636363636365,0,0,21,2.64401190803596,NA,NA,NA
nutnet,2017,B4_8,B4,8,dry,no snow,never affected,N+P+K,N+P,68,53,13,0,134,87,121,56.19834710743802,43.80165289256198,1.2830188679245282,3,2.479338842975207,22,2.644402468015413,NA,NA,NA
nutnet,2017,B4_9,B4,9,dry,no snow,never affected,C,C,40,51,22,0,113,78,91,43.956043956043956,56.043956043956044,0.7843137254901961,1,1.098901098901099,16,2.0490962589337394,NA,NA,NA
nutnet,2017,B4_10,B4,10,dry,no snow,never affected,N+P+K,N+P,78,47,14,0,139,86,125,62.4,37.6,1.6595744680851063,0,0,26,2.6428577083223326,NA,NA,NA
sdl,1997,1,NA,1,dry,no snow,never affected,C,C,46,43,9,0,98,91,89,51.68539325842697,48.31460674157304,1.069767441860465,10,11.235955056179774,20,2.1117569067034196,100.99999999999997,105.62499999999997,206.62499999999997
sdl,1997,2,NA,2,dry,no snow,never affected,C,C,70,20,10,0,100,90,90,77.77777777777779,22.22222222222222,3.5,14,15.555555555555555,13,1.840095345474113,67.37499999999999,127.62499999999997,194.99999999999994
sdl,1997,3,NA,3,dry,no snow,never affected,C,C,51,32,16,0,99,84,83,61.44578313253012,38.55421686746988,1.59375,6,7.228915662650602,21,2.4226141551554656,40.87499999999999,113.87499999999997,154.74999999999997
sdl,1997,4,NA,4,dry,no snow,never affected,C,C,60,24,14,0,98,86,84,71.42857142857143,28.57142857142857,2.5,4,4.761904761904762,17,1.8412332449426256,192.74999999999997,92.74999999999999,285.49999999999994
sdl,1997,5,NA,5,dry,no snow,never affected,N,N,20,45,30,0,95,70,65,30.76923076923077,69.23076923076923,0.4444444444444444,5,7.6923076923076925,13,1.7241714527503065,134.24999999999997,159.62499999999997,293.87499999999994
sdl,1997,6,NA,6,dry,no snow,never affected,N,N,38,42,21,0,101,79,80,47.5,52.5,0.9047619047619048,10,12.5,16,2.235491781696261,135.37499999999997,154.99999999999997,290.37499999999994
sdl,1997,7,NA,7,dry,no snow,never affected,N,N,29,41,30,0,100,70,70,41.42857142857143,58.57142857142858,0.7073170731707317,3,4.285714285714286,16,2.060495542831619,134.12499999999997,73.49999999999999,207.62499999999994
sdl,1997,8,NA,8,dry,no snow,never affected,N,N,21,51,29,0,101,71,72,29.166666666666668,70.83333333333334,0.4117647058823529,3,4.166666666666666,14,1.8595980717655278,37.62499999999999,92.12499999999999,129.74999999999997
sdl,1997,9,NA,9,dry,no snow,never affected,N+P,N+P,20,20,44,0,84,56,40,50,50,1,6,15,10,1.8970716892687731,89.99999999999997,227.62499999999997,317.62499999999994
sdl,1997,10,NA,10,dry,no snow,never affected,N+P,N+P,59,24,21,0,104,79,83,71.08433734939759,28.915662650602407,2.4583333333333335,15,18.072289156626507,19,2.473484733746367,216.62499999999994,28.249999999999993,244.87499999999994
sdl,1997,11,NA,11,dry,no snow,never affected,N+P,N+P,41,42,11,0,94,89,83,49.39759036144578,50.602409638554214,0.9761904761904762,13,15.66265060240964,17,2.1917520179023295,248.74999999999994,253.49999999999994,502.2499999999999
sdl,1997,12,NA,12,dry,no snow,never affected,N+P,N+P,28,44,28,0,100,72,72,38.88888888888889,61.111111111111114,0.6363636363636364,2,2.7777777777777777,16,2.2167737853386464,119.74999999999997,332.62499999999994,452.3749999999999
sdl,1997,13,NA,13,dry,no snow,never affected,P,P,72,14,13,0,99,87,86,83.72093023255815,16.27906976744186,5.142857142857143,29,33.72093023255814,16,2.1462875453931947,99.37499999999997,80.62499999999999,179.99999999999997
sdl,1997,14,NA,14,dry,no snow,never affected,P,P,66,35,18,0,119,82,101,65.34653465346535,34.65346534653465,1.8857142857142857,13,12.871287128712872,14,2.0442393238701464,227.74999999999994,102.37499999999999,330.12499999999994
sdl,1997,15,NA,15,dry,no snow,never affected,P,P,51,35,14,0,100,86,86,59.30232558139535,40.69767441860465,1.457142857142857,3,3.488372093023256,20,2.294956537476761,185.49999999999994,76.37499999999999,261.87499999999994
sdl,1997,16,NA,16,dry,no snow,never affected,P,P,18,56,26,0,100,74,74,24.324324324324326,75.67567567567568,0.32142857142857145,0,0,22,1.6448838904242233,17.499999999999996,105.87499999999997,123.37499999999997
sdl,1997,286,NA,286,dry,snow,NA,N,N,63,13,25,0,101,75,76,82.89473684210526,17.105263157894736,4.846153846153846,16,21.052631578947366,15,2.3685785835550996,NA,NA,NA
sdl,2003,1,NA,1,dry,no snow,never affected,C,C,47,53,0,0,100,NA,100,47,53,0.8867924528301887,8,8,NA,NA,NA,NA,NA
sdl,2003,2,NA,2,dry,no snow,never affected,C,C,76,24,0,0,100,NA,100,76,24,3.1666666666666665,29,28.999999999999996,NA,NA,NA,NA,NA
sdl,2003,3,NA,3,dry,no snow,never affected,C,C,59,39,10,0,108,NA,98,60.204081632653065,39.795918367346935,1.5128205128205128,29,29.591836734693878,NA,NA,NA,NA,NA
sdl,2003,4,NA,4,dry,no snow,never affected,C,C,69,28,3,0,100,NA,97,71.1340206185567,28.865979381443296,2.4642857142857144,10,10.309278350515463,NA,NA,NA,NA,NA
sdl,2003,5,NA,5,dry,no snow,never affected,N,N,48,43,0,0,91,NA,91,52.74725274725275,47.25274725274725,1.1162790697674418,16,17.582417582417584,NA,NA,NA,NA,NA
sdl,2003,6,NA,6,dry,no snow,never affected,N,N,54,44,0,0,98,NA,98,55.10204081632652,44.89795918367347,1.2272727272727273,26,26.53061224489796,NA,NA,NA,NA,NA
sdl,2003,7,NA,7,dry,no snow,never affected,N,N,49,36,2,0,87,NA,85,57.647058823529406,42.35294117647059,1.3611111111111112,13,15.294117647058824,NA,NA,NA,NA,NA
sdl,2003,8,NA,8,dry,no snow,never affected,N,N,48,42,0,0,90,NA,90,53.333333333333336,46.666666666666664,1.1428571428571428,18,20,NA,NA,NA,NA,NA
sdl,2003,9,NA,9,dry,no snow,never affected,N+P,N+P,61,28,0,0,89,NA,89,68.53932584269663,31.46067415730337,2.1785714285714284,28,31.46067415730337,NA,NA,NA,NA,NA
sdl,2003,10,NA,10,dry,no snow,never affected,N+P,N+P,86,16,0,0,102,NA,102,84.31372549019608,15.686274509803921,5.375,35,34.31372549019608,NA,NA,NA,NA,NA
sdl,2003,11,NA,11,dry,no snow,never affected,N+P,N+P,72,26,0,0,98,NA,98,73.46938775510205,26.53061224489796,2.769230769230769,16,16.3265306122449,NA,NA,NA,NA,NA
sdl,2003,12,NA,12,dry,no snow,never affected,N+P,N+P,71,30,0,0,101,NA,101,70.29702970297029,29.7029702970297,2.3666666666666667,12,11.881188118811881,NA,NA,NA,NA,NA
sdl,2003,13,NA,13,dry,no snow,never affected,P,P,44,54,2,0,100,NA,98,44.89795918367347,55.10204081632652,0.8148148148148148,9,9.183673469387756,NA,NA,NA,NA,NA
sdl,2003,14,NA,14,dry,no snow,never affected,P,P,63,33,4,0,100,NA,96,65.625,34.375,1.9090909090909092,14,14.583333333333334,NA,NA,NA,NA,NA
sdl,2003,15,NA,15,dry,no snow,never affected,P,P,55,38,2,0,95,NA,93,59.13978494623656,40.86021505376344,1.4473684210526316,3,3.225806451612903,NA,NA,NA,NA,NA
sdl,2003,16,NA,16,dry,no snow,never affected,P,P,22,72,6,0,100,NA,94,23.404255319148938,76.59574468085107,0.3055555555555556,5,5.319148936170213,NA,NA,NA,NA,NA
sdl,2003,17,NA,17,mesic,no snow,never affected,C,C,78,14,0,0,92,NA,92,84.78260869565217,15.217391304347828,5.571428571428571,48,52.17391304347826,NA,NA,NA,NA,NA
sdl,2003,18,NA,18,mesic,no snow,never affected,C,C,86,8,1,6,101,NA,100,86,8,10.75,24,24,NA,NA,NA,NA,NA
sdl,2003,19,NA,19,mesic,no snow,never affected,C,C,64,34,0,0,98,NA,98,65.3061224489796,34.69387755102041,1.8823529411764706,23,23.46938775510204,NA,NA,NA,NA,NA
sdl,2003,20,NA,20,mesic,no snow,never affected,C,C,38,47,3,0,88,NA,85,44.70588235294118,55.294117647058826,0.8085106382978723,7,8.235294117647058,NA,NA,NA,NA,NA
sdl,2003,21,NA,21,mesic,no snow,never affected,N,N,62,44,0,0,106,NA,106,58.490566037735846,41.509433962264154,1.4090909090909092,30,28.30188679245283,NA,NA,NA,NA,NA
sdl,2003,22,NA,22,mesic,no snow,never affected,N,N,71,21,0,0,92,NA,92,77.17391304347827,22.82608695652174,3.380952380952381,36,39.130434782608695,NA,NA,NA,NA,NA
sdl,2003,23,NA,23,mesic,no snow,never affected,N,N,35,47,0,0,82,NA,82,42.68292682926829,57.3170731707317,0.7446808510638298,16,19.51219512195122,NA,NA,NA,NA,NA
sdl,2003,24,NA,24,mesic,no snow,never affected,N,N,53,56,0,0,109,NA,109,48.62385321100918,51.37614678899083,0.9464285714285714,29,26.605504587155966,NA,NA,NA,NA,NA
sdl,2003,25,NA,25,mesic,no snow,never affected,N+P,N+P,29,68,0,0,97,NA,97,29.896907216494846,70.10309278350515,0.4264705882352941,23,23.711340206185564,NA,NA,NA,NA,NA
sdl,2003,26,NA,26,mesic,no snow,never affected,N+P,N+P,21,66,0,0,87,NA,87,24.137931034482758,75.86206896551724,0.3181818181818182,14,16.091954022988507,NA,NA,NA,NA,NA
sdl,2003,27,NA,27,mesic,no snow,never affected,N+P,N+P,19,64,0,2,85,NA,85,22.35294117647059,75.29411764705883,0.296875,15,17.647058823529413,NA,NA,NA,NA,NA
sdl,2003,28,NA,28,mesic,no snow,never affected,N+P,N+P,14,65,0,0,79,NA,79,17.72151898734177,82.27848101265823,0.2153846153846154,6,7.59493670886076,NA,NA,NA,NA,NA
sdl,2003,29,NA,29,mesic,no snow,never affected,P,P,64,40,0,0,104,NA,104,61.53846153846154,38.46153846153847,1.6,29,27.884615384615387,NA,NA,NA,NA,NA
sdl,2003,30,NA,30,mesic,no snow,never affected,P,P,73,2,0,0,75,NA,75,97.33333333333334,2.666666666666667,36.5,25,33.33333333333333,NA,NA,NA,NA,NA
sdl,2003,31,NA,31,mesic,no snow,never affected,P,P,54,30,0,0,84,NA,84,64.28571428571429,35.714285714285715,1.8,20,23.809523809523807,NA,NA,NA,NA,NA
sdl,2003,32,NA,32,mesic,no snow,never affected,P,P,54,44,0,0,98,NA,98,55.10204081632652,44.89795918367347,1.2272727272727273,26,26.53061224489796,NA,NA,NA,NA,NA
sdl,2003,33,NA,33,wet,snow,in snowfield,C,C,63,25,1,0,89,NA,88,71.5909090909091,28.40909090909091,2.52,51,57.95454545454546,NA,NA,NA,NA,NA
sdl,2003,34,NA,34,wet,snow,in snowfield,C,C,89,0,19,0,108,NA,89,100,0,Inf,65,73.03370786516854,NA,NA,NA,NA,NA
sdl,2003,35,NA,35,wet,snow,in snowfield,C,C,71,5,1,0,77,NA,76,93.42105263157895,6.578947368421052,14.2,43,56.57894736842105,NA,NA,NA,NA,NA
sdl,2003,36,NA,36,wet,snow,in snowfield,C,C,77,30,0,0,107,NA,107,71.96261682242991,28.037383177570092,2.566666666666667,12,11.214953271028037,NA,NA,NA,NA,NA
sdl,2003,37,NA,37,wet,snow,in snowfield,N,N,65,30,0,0,95,NA,95,68.42105263157895,31.57894736842105,2.1666666666666665,30,31.57894736842105,NA,NA,NA,NA,NA
sdl,2003,38,NA,38,wet,snow,in snowfield,N,N,19,82,0,0,101,NA,101,18.81188118811881,81.1881188118812,0.23170731707317074,0,0,NA,NA,NA,NA,NA
sdl,2003,39,NA,39,wet,snow,in snowfield,N,N,33,53,0,0,86,NA,86,38.372093023255815,61.627906976744185,0.6226415094339622,8,9.30232558139535,NA,NA,NA,NA,NA
sdl,2003,40,NA,40,wet,snow,in snowfield,N,N,22,64,0,0,86,NA,86,25.581395348837212,74.4186046511628,0.34375,5,5.813953488372093,NA,NA,NA,NA,NA
sdl,2003,41,NA,41,wet,snow,in snowfield,N+P,N+P,15,65,0,0,80,NA,80,18.75,81.25,0.23076923076923078,1,1.25,NA,NA,NA,NA,NA
sdl,2003,42,NA,42,wet,snow,in snowfield,N+P,N+P,14,82,2,0,98,NA,96,14.583333333333334,85.41666666666666,0.17073170731707318,2,2.083333333333333,NA,NA,NA,NA,NA
sdl,2003,43,NA,43,wet,snow,in snowfield,N+P,N+P,23,61,0,0,84,NA,84,27.380952380952383,72.61904761904762,0.3770491803278688,0,0,NA,NA,NA,NA,NA
sdl,2003,44,NA,44,wet,snow,in snowfield,N+P,N+P,10,90,0,0,100,NA,100,10,90,0.1111111111111111,0,0,NA,NA,NA,NA,NA
sdl,2003,45,NA,45,wet,snow,in snowfield,P,P,87,17,1,0,105,NA,104,83.65384615384616,16.346153846153847,5.117647058823529,48,46.15384615384615,NA,NA,NA,NA,NA
sdl,2003,46,NA,46,wet,snow,in snowfield,P,P,70,33,0,0,103,NA,103,67.96116504854369,32.038834951456316,2.121212121212121,37,35.92233009708738,NA,NA,NA,NA,NA
sdl,2003,47,NA,47,wet,snow,in snowfield,P,P,71,33,0,0,104,NA,104,68.26923076923077,31.73076923076923,2.1515151515151514,33,31.73076923076923,NA,NA,NA,NA,NA
sdl,2003,48,NA,48,wet,snow,in snowfield,P,P,46,44,0,0,90,NA,90,51.11111111111111,48.888888888888886,1.0454545454545454,21,23.333333333333332,NA,NA,NA,NA,NA
sdl,2003,49,NA,49,dry,snow,in snowfence area,C,C,90,14,8,0,112,NA,104,86.53846153846155,13.461538461538462,6.428571428571429,34,32.69230769230769,NA,NA,NA,NA,NA
sdl,2003,50,NA,50,dry,snow,in snowfence area,C,C,72,28,2,0,102,NA,100,72,28.000000000000004,2.5714285714285716,27,27,NA,NA,NA,NA,NA
sdl,2003,51,NA,51,dry,snow,in snowfence area,C,C,63,14,1,0,78,NA,77,81.81818181818183,18.181818181818183,4.5,26,33.76623376623377,NA,NA,NA,NA,NA
sdl,2003,52,NA,52,dry,snow,in snowfence area,C,C,71,34,0,0,105,NA,105,67.61904761904762,32.38095238095238,2.088235294117647,12,11.428571428571429,NA,NA,NA,NA,NA
sdl,2003,53,NA,53,dry,snow,in snowfence area,N,N,37,61,0,0,98,NA,98,37.755102040816325,62.244897959183675,0.6065573770491803,23,23.46938775510204,NA,NA,NA,NA,NA
sdl,2003,54,NA,54,dry,snow,in snowfence area,N,N,34,50,0,1,85,NA,85,40,58.82352941176471,0.68,16,18.823529411764707,NA,NA,NA,NA,NA
sdl,2003,55,NA,55,dry,snow,in snowfence area,N,N,78,15,0,0,93,NA,93,83.87096774193549,16.129032258064516,5.2,21,22.58064516129032,NA,NA,NA,NA,NA
sdl,2003,56,NA,56,dry,snow,in snowfence area,N,N,99,0,0,0,99,NA,99,100,0,Inf,21,21.21212121212121,NA,NA,NA,NA,NA
sdl,2003,57,NA,57,dry,snow,in snowfence area,N+P,N+P,41,43,1,0,85,NA,84,48.80952380952381,51.19047619047619,0.9534883720930233,30,35.714285714285715,NA,NA,NA,NA,NA
sdl,2003,58,NA,58,dry,snow,in snowfence area,N+P,N+P,35,35,0,0,70,NA,70,50,50,1,22,31.428571428571427,NA,NA,NA,NA,NA
sdl,2003,59,NA,59,dry,snow,in snowfence area,N+P,N+P,87,5,0,0,92,NA,92,94.56521739130434,5.434782608695652,17.4,41,44.565217391304344,NA,NA,NA,NA,NA
sdl,2003,60,NA,60,dry,snow,in snowfence area,N+P,N+P,67,12,0,0,79,NA,79,84.81012658227847,15.18987341772152,5.583333333333333,32,40.50632911392405,NA,NA,NA,NA,NA
sdl,2003,61,NA,61,dry,snow,in snowfence area,P,P,80,9,0,0,89,NA,89,89.8876404494382,10.112359550561797,8.88888888888889,44,49.43820224719101,NA,NA,NA,NA,NA
sdl,2003,62,NA,62,dry,snow,snowfence recovery,P,P,75,15,0,0,90,NA,90,83.33333333333334,16.666666666666664,5,52,57.77777777777777,NA,NA,NA,NA,NA
sdl,2003,63,NA,63,dry,snow,snowfence recovery,P,P,60,33,0,0,93,NA,93,64.51612903225806,35.483870967741936,1.8181818181818181,21,22.58064516129032,NA,NA,NA,NA,NA
sdl,2003,64,NA,64,dry,snow,snowfence recovery,P,P,83,3,3,0,89,NA,86,96.51162790697676,3.488372093023256,27.666666666666668,27,31.3953488372093,NA,NA,NA,NA,NA
sdl,2003,65,NA,65,mesic,snow,in snowfence area,C,C,50,33,0,0,83,NA,83,60.24096385542169,39.75903614457831,1.5151515151515151,32,38.55421686746988,NA,NA,NA,NA,NA
sdl,2003,66,NA,66,mesic,snow,in snowfence area,C,C,65,14,0,12,91,NA,91,71.42857142857143,15.384615384615385,4.642857142857143,17,18.681318681318682,NA,NA,NA,NA,NA
sdl,2003,67,NA,67,mesic,snow,in snowfence area,C,C,69,14,0,21,104,NA,104,66.34615384615384,13.461538461538462,4.928571428571429,21,20.192307692307693,NA,NA,NA,NA,NA
sdl,2003,68,NA,68,mesic,snow,in snowfence area,C,C,82,10,0,0,92,NA,92,89.13043478260869,10.869565217391305,8.2,8,8.695652173913043,NA,NA,NA,NA,NA
sdl,2003,69,NA,69,mesic,snow,snowfence recovery,N,N,27,59,1,0,87,NA,86,31.3953488372093,68.6046511627907,0.4576271186440678,2,2.3255813953488373,NA,NA,NA,NA,NA
sdl,2003,70,NA,70,mesic,snow,in snowfence area,N,N,66,19,2,3,90,NA,88,75,21.59090909090909,3.473684210526316,25,28.40909090909091,NA,NA,NA,NA,NA
sdl,2003,71,NA,71,mesic,snow,in snowfence area,N,N,33,58,0,9,100,NA,100,33,57.99999999999999,0.5689655172413793,16,16,NA,NA,NA,NA,NA
sdl,2003,72,NA,72,mesic,snow,in snowfence area,N,N,46,50,0,3,99,NA,99,46.464646464646464,50.505050505050505,0.92,32,32.323232323232325,NA,NA,NA,NA,NA
sdl,2003,73,NA,73,mesic,snow,in snowfence area,N+P,N+P,40,63,0,0,103,NA,103,38.83495145631068,61.165048543689316,0.6349206349206349,35,33.980582524271846,NA,NA,NA,NA,NA
sdl,2003,74,NA,74,mesic,snow,snowfence recovery,N+P,N+P,26,64,0,0,90,NA,90,28.888888888888886,71.11111111111111,0.40625,14,15.555555555555555,NA,NA,NA,NA,NA
sdl,2003,75,NA,75,mesic,snow,snowfence recovery,N+P,N+P,76,37,0,0,113,NA,113,67.2566371681416,32.743362831858406,2.054054054054054,33,29.20353982300885,NA,NA,NA,NA,NA
sdl,2003,76,NA,76,mesic,snow,snowfence recovery,N+P,N+P,34,35,0,0,69,NA,69,49.275362318840585,50.72463768115942,0.9714285714285714,32,46.3768115942029,NA,NA,NA,NA,NA
sdl,2003,77,NA,77,mesic,snow,snowfence recovery,P,P,54,30,1,0,85,NA,84,64.28571428571429,35.714285714285715,1.8,32,38.095238095238095,NA,NA,NA,NA,NA
sdl,2003,78,NA,78,mesic,snow,snowfence recovery,P,P,35,60,0,0,95,NA,95,36.84210526315789,63.1578947368421,0.5833333333333334,21,22.105263157894736,NA,NA,NA,NA,NA
sdl,2003,79,NA,79,mesic,snow,snowfence recovery,P,P,58,40,0,6,104,NA,104,55.769230769230774,38.46153846153847,1.45,32,30.76923076923077,NA,NA,NA,NA,NA
sdl,2003,80,NA,80,mesic,snow,in snowfence area,P,P,82,28,5,0,115,NA,110,74.54545454545455,25.454545454545453,2.9285714285714284,23,20.909090909090907,NA,NA,NA,NA,NA
sdl,2005,1,NA,1,dry,no snow,never affected,C,C,50,34,1,0,85,NA,84,59.523809523809526,40.476190476190474,1.4705882352941178,11,13.095238095238097,16,2.052776004739263,NA,NA,NA
sdl,2005,2,NA,2,dry,no snow,never affected,C,C,69,12,4,0,85,NA,81,85.18518518518519,14.814814814814813,5.75,14,17.28395061728395,15,1.963918363019863,NA,NA,NA
sdl,2005,3,NA,3,dry,no snow,never affected,C,C,27,30,11,0,68,NA,57,47.368421052631575,52.63157894736842,0.9,10,17.543859649122805,21,2.453134197165076,NA,NA,NA
sdl,2005,4,NA,4,dry,no snow,never affected,C,C,43,23,12,0,78,NA,66,65.15151515151516,34.84848484848485,1.8695652173913044,4,6.0606060606060606,12,1.6285018658594186,NA,NA,NA
sdl,2005,5,NA,5,dry,no snow,never affected,N,N,30,24,10,0,64,NA,54,55.55555555555556,44.44444444444444,1.25,8,14.814814814814813,16,2.263897494923538,NA,NA,NA
sdl,2005,6,NA,6,dry,no snow,never affected,N,N,37,29,6,0,72,NA,66,56.060606060606055,43.93939393939394,1.2758620689655173,7,10.606060606060606,15,2.141665642124537,NA,NA,NA
sdl,2005,7,NA,7,dry,no snow,never affected,N,N,19,16,20,0,55,NA,35,54.285714285714285,45.714285714285715,1.1875,11,31.428571428571427,14,1.9518831712819764,NA,NA,NA
sdl,2005,8,NA,8,dry,no snow,never affected,N,N,34,24,9,0,67,NA,58,58.620689655172406,41.37931034482759,1.4166666666666667,20,34.48275862068966,17,2.166351384530641,NA,NA,NA
sdl,2005,9,NA,9,dry,no snow,never affected,N+P,N+P,41,18,5,0,64,NA,59,69.49152542372882,30.508474576271187,2.2777777777777777,20,33.89830508474576,13,1.871374060445755,NA,NA,NA
sdl,2005,10,NA,10,dry,no snow,never affected,N+P,N+P,42,20,10,0,72,NA,62,67.74193548387096,32.25806451612903,2.1,26,41.935483870967744,13,1.9059843452098573,NA,NA,NA
sdl,2005,11,NA,11,dry,no snow,never affected,N+P,N+P,51,27,5,0,83,NA,78,65.38461538461539,34.61538461538461,1.8888888888888888,4,5.128205128205128,15,2.1957634683810014,NA,NA,NA
sdl,2005,12,NA,12,dry,no snow,never affected,N+P,N+P,34,19,12,0,65,NA,53,64.15094339622641,35.84905660377358,1.7894736842105263,7,13.20754716981132,18,2.479679894904846,NA,NA,NA
sdl,2005,13,NA,13,dry,no snow,never affected,P,P,19,41,7,0,67,NA,60,31.666666666666664,68.33333333333333,0.4634146341463415,4,6.666666666666667,18,1.7724728983231177,NA,NA,NA
sdl,2005,14,NA,14,dry,no snow,never affected,P,P,47,32,2,0,81,NA,79,59.49367088607595,40.50632911392405,1.46875,10,12.658227848101266,19,2.1097867735638047,NA,NA,NA
sdl,2005,15,NA,15,dry,no snow,never affected,P,P,48,23,3,0,74,NA,71,67.6056338028169,32.3943661971831,2.0869565217391304,3,4.225352112676056,16,2.1651464504573275,NA,NA,NA
sdl,2005,16,NA,16,dry,no snow,never affected,P,P,8,40,8,0,56,NA,48,16.666666666666664,83.33333333333334,0.2,1,2.083333333333333,11,0.9872706049900631,NA,NA,NA
sdl,2005,17,NA,17,mesic,no snow,never affected,C,C,70,11,0,0,81,NA,81,86.41975308641975,13.580246913580247,6.363636363636363,37,45.67901234567901,16,1.9111574765980097,NA,NA,NA
sdl,2005,18,NA,18,mesic,no snow,never affected,C,C,55,1,5,12,73,NA,68,80.88235294117648,1.4705882352941175,55,10,14.705882352941178,16,2.2995717354318432,NA,NA,NA
sdl,2005,19,NA,19,mesic,no snow,never affected,C,C,33,30,5,0,68,NA,63,52.38095238095239,47.61904761904761,1.1,7,11.11111111111111,16,2.333369019188751,NA,NA,NA
sdl,2005,20,NA,20,mesic,no snow,never affected,C,C,61,32,5,0,98,NA,93,65.59139784946237,34.40860215053764,1.90625,24,25.806451612903224,19,2.2885329304852817,NA,NA,NA
sdl,2005,21,NA,21,mesic,no snow,never affected,N,N,46,24,4,0,74,NA,70,65.71428571428571,34.285714285714285,1.9166666666666667,18,25.71428571428571,14,2.1249787803067317,NA,NA,NA
sdl,2005,22,NA,22,mesic,no snow,never affected,N,N,70,16,2,0,88,NA,86,81.3953488372093,18.6046511627907,4.375,29,33.72093023255814,12,1.938705755756013,NA,NA,NA
sdl,2005,23,NA,23,mesic,no snow,never affected,N,N,46,40,5,0,91,NA,86,53.48837209302325,46.51162790697674,1.15,27,31.3953488372093,6,1.3209282248586134,NA,NA,NA
sdl,2005,24,NA,24,mesic,no snow,never affected,N,N,42,27,4,0,73,NA,69,60.86956521739131,39.130434782608695,1.5555555555555556,24,34.78260869565217,7,1.604360038209383,NA,NA,NA
sdl,2005,25,NA,25,mesic,no snow,never affected,N+P,N+P,41,40,3,0,84,NA,81,50.617283950617285,49.382716049382715,1.025,28,34.5679012345679,8,1.4388261667783873,NA,NA,NA
sdl,2005,26,NA,26,mesic,no snow,never affected,N+P,N+P,28,53,1,0,82,NA,81,34.5679012345679,65.4320987654321,0.5283018867924528,18,22.22222222222222,9,1.4864744462140478,NA,NA,NA
sdl,2005,27,NA,27,mesic,no snow,never affected,N+P,N+P,18,32,7,7,64,NA,57,31.57894736842105,56.14035087719298,0.5625,10,17.543859649122805,11,1.6360726877323764,NA,NA,NA
sdl,2005,28,NA,28,mesic,no snow,never affected,N+P,N+P,8,41,7,0,56,NA,49,16.3265306122449,83.6734693877551,0.1951219512195122,2,4.081632653061225,5,0.6713788250625412,NA,NA,NA
sdl,2005,29,NA,29,mesic,no snow,never affected,P,P,63,15,4,3,85,NA,81,77.77777777777779,18.51851851851852,4.2,23,28.39506172839506,14,1.9985234371293492,NA,NA,NA
sdl,2005,30,NA,30,mesic,no snow,never affected,P,P,63,20,0,0,83,NA,83,75.90361445783132,24.096385542168676,3.15,11,13.253012048192772,16,2.384229755524035,NA,NA,NA
sdl,2005,31,NA,31,mesic,no snow,never affected,P,P,61,28,5,0,94,NA,89,68.53932584269663,31.46067415730337,2.1785714285714284,15,16.853932584269664,15,2.261818237272717,NA,NA,NA
sdl,2005,32,NA,32,mesic,no snow,never affected,P,P,33,17,14,0,64,NA,50,66,34,1.9411764705882353,11,22,11,2.023124435397975,NA,NA,NA
sdl,2005,49,NA,49,dry,snow,in snowfence area,C,C,38,5,12,0,55,NA,43,88.37209302325581,11.627906976744185,7.6,19,44.18604651162791,19,1.9898687912746675,NA,NA,NA
sdl,2005,50,NA,50,dry,snow,in snowfence area,C,C,31,13,14,0,58,NA,44,70.45454545454545,29.545454545454547,2.3846153846153846,15,34.090909090909086,12,1.792336483249111,NA,NA,NA
sdl,2005,51,NA,51,dry,snow,in snowfence area,C,C,44,6,11,0,61,NA,50,88,12,7.333333333333333,17,34,16,2.0841252679146574,NA,NA,NA
sdl,2005,52,NA,52,dry,snow,in snowfence area,C,C,48,23,6,0,77,NA,71,67.6056338028169,32.3943661971831,2.0869565217391304,6,8.450704225352112,17,2.2455191781805435,NA,NA,NA
sdl,2005,53,NA,53,dry,snow,in snowfence area,N,N,14,32,13,0,59,NA,46,30.434782608695656,69.56521739130434,0.4375,7,15.217391304347828,8,1.5186496856058833,NA,NA,NA
sdl,2005,54,NA,54,dry,snow,in snowfence area,N,N,30,46,2,0,78,NA,76,39.473684210526315,60.526315789473685,0.6521739130434783,8,10.526315789473683,8,1.4683919605364992,NA,NA,NA
sdl,2005,55,NA,55,dry,snow,in snowfence area,N,N,31,14,16,0,61,NA,45,68.88888888888889,31.11111111111111,2.2142857142857144,3,6.666666666666667,14,2.3476316150383387,NA,NA,NA
sdl,2005,56,NA,56,dry,snow,in snowfence area,N,N,49,0,12,0,61,NA,49,100,0,Inf,7,14.285714285714285,9,1.8435919608462132,NA,NA,NA
sdl,2005,57,NA,57,dry,snow,in snowfence area,N+P,N+P,17,38,9,0,64,NA,55,30.909090909090907,69.0909090909091,0.4473684210526316,10,18.181818181818183,9,1.3955698419793814,NA,NA,NA
sdl,2005,58,NA,58,dry,snow,in snowfence area,N+P,N+P,13,26,18,0,57,NA,39,33.33333333333333,66.66666666666666,0.5,8,20.51282051282051,10,1.327193535290472,NA,NA,NA
sdl,2005,59,NA,59,dry,snow,in snowfence area,N+P,N+P,64,8,2,0,74,NA,72,88.88888888888889,11.11111111111111,8,18,25,16,2.038099550213965,NA,NA,NA
sdl,2005,60,NA,60,dry,snow,in snowfence area,N+P,N+P,26,10,21,0,57,NA,36,72.22222222222221,27.77777777777778,2.6,13,36.11111111111111,12,2.077648215478685,NA,NA,NA
sdl,2005,61,NA,61,dry,snow,in snowfence area,P,P,55,1,11,0,67,NA,56,98.21428571428571,1.7857142857142856,55,28,50,11,1.5549930456460481,NA,NA,NA
sdl,2005,62,NA,62,dry,snow,snowfence recovery,P,P,34,26,4,0,64,NA,60,56.666666666666664,43.333333333333336,1.3076923076923077,23,38.333333333333336,11,1.685288255338057,NA,NA,NA
sdl,2005,63,NA,63,dry,snow,snowfence recovery,P,P,42,37,6,0,85,NA,79,53.16455696202531,46.835443037974684,1.135135135135135,12,15.18987341772152,13,1.9307823879160955,NA,NA,NA
sdl,2005,64,NA,64,dry,snow,snowfence recovery,P,P,33,3,21,0,57,NA,36,91.66666666666666,8.333333333333332,11,17,47.22222222222222,15,1.9344970893968032,NA,NA,NA
sdl,2005,65,NA,65,mesic,snow,in snowfence area,C,C,31,26,8,0,65,NA,57,54.385964912280706,45.614035087719294,1.1923076923076923,20,35.08771929824561,10,1.3596335508688007,NA,NA,NA
sdl,2005,66,NA,66,mesic,snow,in snowfence area,C,C,44,11,12,0,67,NA,55,80,20,4,11,20,12,2.0934028063883514,NA,NA,NA
sdl,2005,67,NA,67,mesic,snow,in snowfence area,C,C,56,16,3,0,75,NA,72,77.77777777777779,22.22222222222222,3.5,9,12.5,9,1.9507416535411322,NA,NA,NA
sdl,2005,68,NA,68,mesic,snow,in snowfence area,C,C,33,4,21,0,58,NA,37,89.1891891891892,10.81081081081081,8.25,0,0,13,2.0380471758258545,NA,NA,NA
sdl,2005,69,NA,69,mesic,snow,snowfence recovery,N,N,11,64,2,0,77,NA,75,14.666666666666666,85.33333333333334,0.171875,0,0,9,1.231541574065207,NA,NA,NA
sdl,2005,70,NA,70,mesic,snow,in snowfence area,N,N,31,14,15,0,60,NA,45,68.88888888888889,31.11111111111111,2.2142857142857144,12,26.666666666666668,12,1.8504088132529133,NA,NA,NA
sdl,2005,71,NA,71,mesic,snow,in snowfence area,N,N,36,24,7,4,71,NA,64,56.25,37.5,1.5,20,31.25,10,1.859616649589328,NA,NA,NA
sdl,2005,72,NA,72,mesic,snow,in snowfence area,N,N,27,19,12,0,58,NA,46,58.69565217391305,41.30434782608695,1.4210526315789473,22,47.82608695652174,9,1.2605148726181823,NA,NA,NA
sdl,2005,73,NA,73,mesic,snow,in snowfence area,N+P,N+P,19,54,4,0,77,NA,73,26.027397260273972,73.97260273972603,0.35185185185185186,15,20.54794520547945,8,1.2513680355873837,NA,NA,NA
sdl,2005,74,NA,74,mesic,snow,snowfence recovery,N+P,N+P,22,29,11,0,62,NA,51,43.13725490196079,56.86274509803921,0.7586206896551724,11,21.568627450980394,11,1.6082479075341125,NA,NA,NA
sdl,2005,75,NA,75,mesic,snow,snowfence recovery,N+P,N+P,52,10,7,0,69,NA,62,83.87096774193549,16.129032258064516,5.2,29,46.774193548387096,10,1.603837014904936,NA,NA,NA
sdl,2005,76,NA,76,mesic,snow,snowfence recovery,N+P,N+P,24,27,11,0,62,NA,51,47.05882352941176,52.94117647058824,0.8888888888888888,22,43.13725490196079,8,1.3381746386329403,NA,NA,NA
sdl,2005,77,NA,77,mesic,snow,snowfence recovery,P,P,54,17,2,2,75,NA,73,73.97260273972603,23.28767123287671,3.176470588235294,23,31.506849315068493,13,2.038015192746521,NA,NA,NA
sdl,2005,78,NA,78,mesic,snow,snowfence recovery,P,P,36,22,6,0,64,NA,58,62.06896551724138,37.93103448275862,1.6363636363636365,20,34.48275862068966,11,1.784606387291172,NA,NA,NA
sdl,2005,79,NA,79,mesic,snow,snowfence recovery,P,P,41,30,3,6,80,NA,77,53.246753246753244,38.961038961038966,1.3666666666666667,14,18.181818181818183,11,1.928830501906545,NA,NA,NA
sdl,2005,80,NA,80,mesic,snow,in snowfence area,P,P,51,13,9,0,73,NA,64,79.6875,20.3125,3.923076923076923,12,18.75,11,2.034531629445642,NA,NA,NA
sdl,2012,1,NA,1,dry,no snow,never affected,C,C,95,66,6,0,167,94,161,59.006211180124225,40.993788819875775,1.4393939393939394,14,8.695652173913043,22,2.2972369173015963,NA,NA,NA
sdl,2012,2,NA,2,dry,no snow,never affected,C,C,94,55,16,0,165,84,149,63.08724832214765,36.91275167785235,1.709090909090909,23,15.436241610738255,18,2.081017613080129,NA,NA,NA
sdl,2012,3,NA,3,dry,no snow,never affected,C,C,85,35,22,0,142,78,120,70.83333333333334,29.166666666666668,2.4285714285714284,17,14.166666666666666,24,2.786456615221251,NA,NA,NA
sdl,2012,4,NA,4,dry,no snow,never affected,C,C,76,49,26,0,151,74,125,60.8,39.2,1.5510204081632653,16,12.8,22,2.6456478564356813,NA,NA,NA
sdl,2012,5,NA,5,dry,no snow,never affected,N,N,45,50,25,0,120,75,95,47.368421052631575,52.63157894736842,0.9,12,12.631578947368421,13,2.2586427814394576,NA,NA,NA
sdl,2012,6,NA,6,dry,no snow,never affected,N,N,44,47,26,9,126,74,100,44,47,0.9361702127659575,16,16,24,2.617347945369242,NA,NA,NA
sdl,2012,7,NA,7,dry,no snow,never affected,N,N,40,51,30,0,121,70,91,43.956043956043956,56.043956043956044,0.7843137254901961,6,6.593406593406594,15,2.1291885076726,NA,NA,NA
sdl,2012,8,NA,8,dry,no snow,never affected,N,N,40,69,9,0,118,91,109,36.69724770642202,63.30275229357798,0.5797101449275363,9,8.256880733944955,18,2.394991379181625,NA,NA,NA
sdl,2012,9,NA,9,dry,no snow,never affected,N+P,N+P,68,28,16,0,112,84,96,70.83333333333334,29.166666666666668,2.4285714285714284,48,50,7,1.3995200348680816,NA,NA,NA
sdl,2012,10,NA,10,dry,no snow,never affected,N+P,N+P,97,29,10,0,136,90,126,76.98412698412699,23.015873015873016,3.3448275862068964,48,38.095238095238095,16,2.0312569029170393,NA,NA,NA
sdl,2012,11,NA,11,dry,no snow,never affected,N+P,N+P,89,38,15,0,142,85,127,70.07874015748031,29.92125984251969,2.3421052631578947,27,21.25984251968504,14,1.9014618397000094,NA,NA,NA
sdl,2012,12,NA,12,dry,no snow,never affected,N+P,N+P,85,69,14,0,168,86,154,55.1948051948052,44.8051948051948,1.2318840579710144,20,12.987012987012985,16,2.2691510258911096,NA,NA,NA
sdl,2012,13,NA,13,dry,no snow,never affected,P,P,70,69,7,0,146,93,139,50.35971223021583,49.64028776978417,1.0144927536231885,14,10.071942446043165,22,2.0742327571554795,NA,NA,NA
sdl,2012,14,NA,14,dry,no snow,never affected,P,P,86,45,12,0,143,88,131,65.64885496183206,34.35114503816794,1.9111111111111112,18,13.740458015267176,25,2.5060330019859167,NA,NA,NA
sdl,2012,15,NA,15,dry,no snow,never affected,P,P,97,51,29,0,177,71,148,65.54054054054053,34.45945945945946,1.9019607843137254,8,5.405405405405405,20,2.410095932655957,NA,NA,NA
sdl,2012,16,NA,16,dry,no snow,never affected,P,P,42,87,17,0,146,83,129,32.55813953488372,67.44186046511628,0.4827586206896552,7,5.426356589147287,21,1.7881973229442198,NA,NA,NA
sdl,2012,17,NA,17,mesic,no snow,never affected,C,C,106,47,8,0,161,92,153,69.28104575163398,30.718954248366014,2.25531914893617,53,34.64052287581699,23,2.2988586792989714,NA,NA,NA
sdl,2012,18,NA,18,mesic,no snow,never affected,C,C,122,17,14,7,160,86,146,83.56164383561644,11.643835616438356,7.176470588235294,26,17.80821917808219,19,2.434535036618921,NA,NA,NA
sdl,2012,19,NA,19,mesic,no snow,never affected,C,C,95,50,18,0,163,82,145,65.51724137931035,34.48275862068966,1.9,23,15.862068965517242,23,2.6485431718562698,NA,NA,NA
sdl,2012,20,NA,20,mesic,no snow,never affected,C,C,88,61,11,0,160,89,149,59.06040268456376,40.939597315436245,1.4426229508196722,45,30.201342281879196,18,2.124740463281279,NA,NA,NA
sdl,2012,21,NA,21,mesic,no snow,never affected,N,N,66,75,15,0,156,85,141,46.808510638297875,53.191489361702125,0.88,27,19.148936170212767,15,1.9634208569127072,NA,NA,NA
sdl,2012,22,NA,22,mesic,no snow,never affected,N,N,91,42,13,0,146,87,133,68.42105263157895,31.57894736842105,2.1666666666666665,49,36.84210526315789,13,1.7870974314080328,NA,NA,NA
sdl,2012,23,NA,23,mesic,no snow,never affected,N,N,54,69,15,0,138,85,123,43.90243902439025,56.09756097560976,0.782608695652174,40,32.52032520325203,12,1.5739785416762972,NA,NA,NA
sdl,2012,24,NA,24,mesic,no snow,never affected,N,N,47,87,8,0,142,92,134,35.07462686567165,64.92537313432835,0.5402298850574713,26,19.402985074626866,12,1.8229514716889073,NA,NA,NA
sdl,2012,25,NA,25,mesic,no snow,never affected,N+P,N+P,78,73,7,0,158,93,151,51.65562913907284,48.34437086092716,1.0684931506849316,55,36.423841059602644,13,1.7713759929568742,NA,NA,NA
sdl,2012,26,NA,26,mesic,no snow,never affected,N+P,N+P,57,82,14,0,153,86,139,41.007194244604314,58.992805755395686,0.6951219512195121,37,26.618705035971225,10,1.6135713613338274,NA,NA,NA
sdl,2012,27,NA,27,mesic,no snow,never affected,N+P,N+P,39,93,4,24,160,96,156,25,59.61538461538461,0.41935483870967744,24,15.384615384615385,11,1.7684056195995403,NA,NA,NA
sdl,2012,28,NA,28,mesic,no snow,never affected,N+P,N+P,51,69,14,0,134,86,120,42.5,57.49999999999999,0.7391304347826086,29,24.166666666666668,13,1.8383339283227584,NA,NA,NA
sdl,2012,29,NA,29,mesic,no snow,never affected,P,P,95,47,13,0,155,87,142,66.90140845070422,33.098591549295776,2.021276595744681,28,19.718309859154928,17,2.2479490192670943,NA,NA,NA
sdl,2012,30,NA,30,mesic,no snow,never affected,P,P,95,48,8,0,151,92,143,66.43356643356644,33.56643356643357,1.9791666666666667,24,16.783216783216783,19,2.248195713877143,NA,NA,NA
sdl,2012,31,NA,31,mesic,no snow,never affected,P,P,75,53,14,0,142,86,128,58.59375,41.40625,1.4150943396226414,35,27.34375,20,2.2518110172225856,NA,NA,NA
sdl,2012,32,NA,32,mesic,no snow,never affected,P,P,68,70,20,0,158,80,138,49.275362318840585,50.72463768115942,0.9714285714285714,28,20.28985507246377,17,2.0981526276451277,NA,NA,NA
sdl,2012,33,NA,33,wet,snow,in snowfield,C,C,67,45,14,0,126,86,112,59.82142857142857,40.17857142857143,1.488888888888889,53,47.32142857142857,10,1.4975040653563663,NA,NA,NA
sdl,2012,34,NA,34,wet,snow,in snowfield,C,C,118,16,2,0,136,98,134,88.05970149253731,11.940298507462686,7.375,47,35.07462686567165,12,1.9163871855145034,NA,NA,NA
sdl,2012,35,NA,35,wet,snow,in snowfield,C,C,75,19,31,0,125,69,94,79.7872340425532,20.212765957446805,3.9473684210526314,30,31.914893617021278,8,1.7561714388920997,NA,NA,NA
sdl,2012,36,NA,36,wet,snow,in snowfield,C,C,65,48,18,0,131,82,113,57.52212389380531,42.47787610619469,1.3541666666666667,6,5.3097345132743365,13,1.8098621680926692,NA,NA,NA
sdl,2012,37,NA,37,wet,snow,in snowfield,N,N,11,80,18,0,109,82,91,12.087912087912088,87.91208791208791,0.1375,0,0,8,0.944932405660256,NA,NA,NA
sdl,2012,38,NA,38,wet,snow,in snowfield,N,N,22,90,9,0,121,91,112,19.642857142857142,80.35714285714286,0.24444444444444444,0,0,7,0.8454133876977968,NA,NA,NA
sdl,2012,39,NA,39,wet,snow,in snowfield,N,N,41,88,10,0,139,90,129,31.782945736434108,68.21705426356588,0.4659090909090909,12,9.30232558139535,9,1.2245467655951396,NA,NA,NA
sdl,2012,40,NA,40,wet,snow,in snowfield,N,N,23,97,5,0,125,95,120,19.166666666666668,80.83333333333333,0.23711340206185566,4,3.3333333333333335,7,0.7835504475449852,NA,NA,NA
sdl,2012,41,NA,41,wet,snow,in snowfield,N+P,N+P,28,104,4,0,136,96,132,21.21212121212121,78.78787878787878,0.2692307692307692,8,6.0606060606060606,5,0.8694459578568247,NA,NA,NA
sdl,2012,42,NA,42,wet,snow,in snowfield,N+P,N+P,4,114,5,0,123,95,118,3.389830508474576,96.61016949152543,0.03508771929824561,0,0,7,1.0167473471296116,NA,NA,NA
sdl,2012,43,NA,43,wet,snow,in snowfield,N+P,N+P,7,90,5,0,102,95,97,7.216494845360824,92.78350515463917,0.07777777777777778,0,0,6,0.4714402761403803,NA,NA,NA
sdl,2012,44,NA,44,wet,snow,in snowfield,N+P,N+P,5,89,8,0,102,92,94,5.319148936170213,94.68085106382979,0.056179775280898875,0,0,6,0.449189048907634,NA,NA,NA
sdl,2012,45,NA,45,wet,snow,in snowfield,P,P,86,28,16,0,130,84,114,75.43859649122807,24.561403508771928,3.0714285714285716,36,31.57894736842105,12,2.0541023433567114,NA,NA,NA
sdl,2012,46,NA,46,wet,snow,in snowfield,P,P,70,43,17,0,130,83,113,61.94690265486725,38.05309734513274,1.627906976744186,32,28.31858407079646,15,2.1706870087715475,NA,NA,NA
sdl,2012,47,NA,47,wet,snow,in snowfield,P,P,85,69,11,0,165,89,154,55.1948051948052,44.8051948051948,1.2318840579710144,27,17.532467532467532,16,2.2371204557352193,NA,NA,NA
sdl,2012,48,NA,48,wet,snow,in snowfield,P,P,37,62,23,0,122,77,99,37.37373737373738,62.62626262626263,0.5967741935483871,20,20.2020202020202,10,1.6617126912081797,NA,NA,NA
sdl,2012,49,NA,49,dry,snow,in snowfence area,C,C,109,24,13,0,146,87,133,81.95488721804512,18.045112781954884,4.541666666666667,32,24.06015037593985,24,2.6563298189847844,NA,NA,NA
sdl,2012,50,NA,50,dry,snow,in snowfence area,C,C,79,53,8,0,140,92,132,59.84848484848485,40.15151515151515,1.490566037735849,39,29.545454545454547,14,1.7284865896249975,NA,NA,NA
sdl,2012,51,NA,51,dry,snow,in snowfence area,C,C,108,29,13,0,150,87,137,78.83211678832117,21.16788321167883,3.7241379310344827,36,26.277372262773724,17,2.184736401877562,NA,NA,NA
sdl,2012,52,NA,52,dry,snow,in snowfence area,C,C,82,20,31,0,133,69,102,80.3921568627451,19.607843137254903,4.1,10,9.803921568627452,16,2.1895502692852453,NA,NA,NA
sdl,2012,53,NA,53,dry,snow,in snowfence area,N,N,30,53,19,0,102,81,83,36.144578313253014,63.85542168674698,0.5660377358490566,26,31.32530120481928,6,0.8629854101240559,NA,NA,NA
sdl,2012,54,NA,54,dry,snow,in snowfence area,N,N,38,109,2,0,149,98,147,25.850340136054424,74.14965986394559,0.3486238532110092,17,11.564625850340136,9,1.2788139496359747,NA,NA,NA
sdl,2012,55,NA,55,dry,snow,in snowfence area,N,N,82,27,24,0,133,76,109,75.22935779816514,24.770642201834864,3.037037037037037,12,11.009174311926607,16,2.28528870952539,NA,NA,NA
sdl,2012,56,NA,56,dry,snow,in snowfence area,N,N,105,22,14,0,141,86,127,82.67716535433071,17.322834645669293,4.7727272727272725,35,27.559055118110237,19,2.4496088905404387,NA,NA,NA
sdl,2012,57,NA,57,dry,snow,in snowfence area,N+P,N+P,62,59,10,0,131,90,121,51.2396694214876,48.760330578512395,1.0508474576271187,32,26.446280991735538,13,1.9947557018281854,NA,NA,NA
sdl,2012,58,NA,58,dry,snow,in snowfence area,N+P,N+P,69,88,3,0,160,97,157,43.94904458598726,56.05095541401274,0.7840909090909091,42,26.751592356687897,11,1.547564823351736,NA,NA,NA
sdl,2012,59,NA,59,dry,snow,in snowfence area,N+P,N+P,127,15,6,0,148,94,142,89.43661971830986,10.56338028169014,8.466666666666667,61,42.95774647887324,19,1.7695050074774603,NA,NA,NA
sdl,2012,60,NA,60,dry,snow,in snowfence area,N+P,N+P,72,43,19,0,134,81,115,62.60869565217392,37.391304347826086,1.6744186046511629,47,40.869565217391305,12,1.8305803968184637,NA,NA,NA
sdl,2012,61,NA,61,dry,snow,in snowfence area,P,P,61,7,40,0,108,60,68,89.70588235294117,10.294117647058822,8.714285714285714,32,47.05882352941176,9,1.55313829345425,NA,NA,NA
sdl,2012,62,NA,62,dry,snow,snowfence recovery,P,P,111,44,10,0,165,90,155,71.61290322580646,28.387096774193548,2.522727272727273,48,30.967741935483872,18,1.978540958000706,NA,NA,NA
sdl,2012,63,NA,63,dry,snow,snowfence recovery,P,P,97,66,15,0,178,85,163,59.50920245398773,40.49079754601227,1.4696969696969697,29,17.791411042944784,15,2.199653072463609,NA,NA,NA
sdl,2012,64,NA,64,dry,snow,snowfence recovery,P,P,116,16,18,0,150,82,132,87.87878787878788,12.121212121212121,7.25,22,16.666666666666664,22,2.6199992354265755,NA,NA,NA
sdl,2012,65,NA,65,mesic,snow,in snowfence area,C,C,104,41,9,0,154,91,145,71.72413793103448,28.27586206896552,2.5365853658536586,53,36.55172413793103,15,1.9317813743720127,NA,NA,NA
sdl,2012,66,NA,66,mesic,snow,in snowfence area,C,C,72,34,22,0,128,78,106,67.9245283018868,32.075471698113205,2.1176470588235294,10,9.433962264150944,16,2.349906954382659,NA,NA,NA
sdl,2012,67,NA,67,mesic,snow,in snowfence area,C,C,78,39,14,0,131,86,117,66.66666666666666,33.33333333333333,2,13,11.11111111111111,13,2.0462604052214055,NA,NA,NA
sdl,2012,68,NA,68,mesic,snow,in snowfence area,C,C,132,19,16,0,167,84,151,87.41721854304636,12.582781456953644,6.947368421052632,13,8.609271523178808,25,2.5431609647770927,NA,NA,NA
sdl,2012,69,NA,69,mesic,snow,snowfence recovery,N,N,34,84,19,0,137,81,118,28.8135593220339,71.1864406779661,0.40476190476190477,6,5.084745762711865,12,1.5013839678335175,NA,NA,NA
sdl,2012,70,NA,70,mesic,snow,in snowfence area,N,N,44,73,18,0,135,82,117,37.60683760683761,62.39316239316239,0.6027397260273972,15,12.82051282051282,10,1.6747165464506233,NA,NA,NA
sdl,2012,71,NA,71,mesic,snow,in snowfence area,N,N,44,104,8,2,158,92,150,29.333333333333332,69.33333333333334,0.4230769230769231,25,16.666666666666664,12,1.6467523753209816,NA,NA,NA
sdl,2012,72,NA,72,mesic,snow,in snowfence area,N,N,53,53,20,4,130,80,110,48.18181818181818,48.18181818181818,1,30,27.27272727272727,9,1.4223167559495884,NA,NA,NA
sdl,2012,73,NA,73,mesic,snow,in snowfence area,N+P,N+P,49,119,2,0,170,98,168,29.166666666666668,70.83333333333334,0.4117647058823529,35,20.833333333333336,7,1.2690563936863082,NA,NA,NA
sdl,2012,74,NA,74,mesic,snow,snowfence recovery,N+P,N+P,33,95,5,0,133,95,128,25.78125,74.21875,0.3473684210526316,21,16.40625,11,1.1157671717927449,NA,NA,NA
sdl,2012,75,NA,75,mesic,snow,snowfence recovery,N+P,N+P,93,57,8,0,158,92,150,62,38,1.631578947368421,46,30.666666666666664,17,2.0232521358227005,NA,NA,NA
sdl,2012,76,NA,76,mesic,snow,snowfence recovery,N+P,N+P,64,79,4,0,147,96,143,44.75524475524475,55.24475524475524,0.810126582278481,53,37.06293706293706,7,1.0546246278593638,NA,NA,NA
sdl,2012,77,NA,77,mesic,snow,snowfence recovery,P,P,96,36,13,0,145,87,132,72.72727272727273,27.27272727272727,2.6666666666666665,44,33.33333333333333,16,1.96851582589654,NA,NA,NA
sdl,2012,78,NA,78,mesic,snow,snowfence recovery,P,P,59,81,5,0,145,95,140,42.142857142857146,57.85714285714286,0.7283950617283951,33,23.57142857142857,11,1.5962412356864968,NA,NA,NA
sdl,2012,79,NA,79,mesic,snow,snowfence recovery,P,P,76,64,15,8,163,85,148,51.35135135135135,43.24324324324324,1.1875,24,16.216216216216218,13,2.028723704856203,NA,NA,NA
sdl,2012,80,NA,80,mesic,snow,in snowfence area,P,P,97,55,12,0,164,88,152,63.81578947368421,36.18421052631579,1.7636363636363637,28,18.421052631578945,18,2.2323842954981874,NA,NA,NA
sdl,2016,1,NA,1,dry,no snow,never affected,C,C,70,60,2,0,132,98,130,53.84615384615385,46.15384615384615,1.1666666666666667,19,14.615384615384617,NA,NA,NA,NA,NA
sdl,2016,2,NA,2,dry,no snow,never affected,C,C,112,43,0,0,155,100,155,72.25806451612902,27.741935483870968,2.604651162790698,27,17.419354838709676,NA,NA,NA,NA,NA
sdl,2016,3,NA,3,dry,no snow,never affected,C,C,69,43,17,0,129,83,112,61.60714285714286,38.392857142857146,1.6046511627906976,22,19.642857142857142,NA,NA,NA,NA,NA
sdl,2016,4,NA,4,dry,no snow,never affected,C,C,77,48,17,0,142,83,125,61.6,38.4,1.6041666666666667,7,5.6000000000000005,NA,NA,NA,NA,NA
sdl,2016,5,NA,5,dry,no snow,never affected,N,N,41,46,23,0,110,77,87,47.12643678160919,52.87356321839081,0.8913043478260869,15,17.24137931034483,NA,NA,NA,NA,NA
sdl,2016,6,NA,6,dry,no snow,never affected,N,N,41,57,14,7,119,86,105,39.04761904761905,54.285714285714285,0.7192982456140351,21,20,NA,NA,NA,NA,NA
sdl,2016,7,NA,7,dry,no snow,never affected,N,N,37,37,29,0,103,71,74,50,50,1,14,18.91891891891892,NA,NA,NA,NA,NA
sdl,2016,8,NA,8,dry,no snow,never affected,N,N,46,47,25,0,118,75,93,49.46236559139785,50.53763440860215,0.9787234042553191,15,16.129032258064516,NA,NA,NA,NA,NA
sdl,2016,9,NA,9,dry,no snow,never affected,N+P,N+P,81,21,15,0,117,85,102,79.41176470588235,20.588235294117645,3.857142857142857,61,59.80392156862745,NA,NA,NA,NA,NA
sdl,2016,10,NA,10,dry,no snow,never affected,N+P,N+P,119,7,5,0,131,95,126,94.44444444444444,5.555555555555555,17,65,51.587301587301596,NA,NA,NA,NA,NA
sdl,2016,11,NA,11,dry,no snow,never affected,N+P,N+P,89,32,7,0,128,93,121,73.55371900826447,26.446280991735538,2.78125,36,29.75206611570248,NA,NA,NA,NA,NA
sdl,2016,12,NA,12,dry,no snow,never affected,N+P,N+P,84,48,5,0,137,95,132,63.63636363636363,36.36363636363637,1.75,26,19.696969696969695,NA,NA,NA,NA,NA
sdl,2016,13,NA,13,dry,no snow,never affected,P,P,57,65,3,0,125,97,122,46.72131147540984,53.278688524590166,0.8769230769230769,11,9.01639344262295,NA,NA,NA,NA,NA
sdl,2016,14,NA,14,dry,no snow,never affected,P,P,97,27,3,0,127,97,124,78.2258064516129,21.774193548387096,3.5925925925925926,22,17.741935483870968,NA,NA,NA,NA,NA
sdl,2016,15,NA,15,dry,no snow,never affected,P,P,43,29,35,0,107,65,72,59.72222222222222,40.27777777777778,1.4827586206896552,2,2.7777777777777777,NA,NA,NA,NA,NA
sdl,2016,16,NA,16,dry,no snow,never affected,P,P,25,73,12,0,110,88,98,25.510204081632654,74.48979591836735,0.3424657534246575,4,4.081632653061225,NA,NA,NA,NA,NA
sdl,2016,17,NA,17,mesic,no snow,never affected,C,C,119,45,2,0,166,98,164,72.5609756097561,27.439024390243905,2.6444444444444444,63,38.41463414634146,NA,NA,NA,NA,NA
sdl,2016,18,NA,18,mesic,no snow,never affected,C,C,91,9,5,58,163,95,158,57.59493670886076,5.69620253164557,10.11111111111111,19,12.025316455696203,NA,NA,NA,NA,NA
sdl,2016,19,NA,19,mesic,no snow,never affected,C,C,100,36,6,0,142,94,136,73.52941176470588,26.47058823529412,2.7777777777777777,30,22.058823529411764,NA,NA,NA,NA,NA
sdl,2016,20,NA,20,mesic,no snow,never affected,C,C,88,58,4,0,150,96,146,60.273972602739725,39.726027397260275,1.5172413793103448,64,43.83561643835616,NA,NA,NA,NA,NA
sdl,2016,21,NA,21,mesic,no snow,never affected,N,N,54,35,36,0,125,64,89,60.67415730337079,39.325842696629216,1.542857142857143,29,32.58426966292135,NA,NA,NA,NA,NA
sdl,2016,22,NA,22,mesic,no snow,never affected,N,N,112,32,7,0,151,93,144,77.77777777777779,22.22222222222222,3.5,68,47.22222222222222,NA,NA,NA,NA,NA
sdl,2016,23,NA,23,mesic,no snow,never affected,N,N,65,77,6,0,148,94,142,45.774647887323944,54.22535211267606,0.8441558441558441,53,37.32394366197183,NA,NA,NA,NA,NA
sdl,2016,24,NA,24,mesic,no snow,never affected,N,N,52,119,1,0,172,99,171,30.409356725146196,69.5906432748538,0.4369747899159664,30,17.543859649122805,NA,NA,NA,NA,NA
sdl,2016,25,NA,25,mesic,no snow,never affected,N+P,N+P,85,89,1,0,175,99,174,48.85057471264368,51.14942528735632,0.9550561797752809,66,37.93103448275862,NA,NA,NA,NA,NA
sdl,2016,26,NA,26,mesic,no snow,never affected,N+P,N+P,58,99,0,0,157,100,157,36.94267515923567,63.05732484076433,0.5858585858585859,49,31.210191082802545,NA,NA,NA,NA,NA
sdl,2016,27,NA,27,mesic,no snow,never affected,N+P,N+P,29,97,1,26,153,99,152,19.078947368421055,63.81578947368421,0.29896907216494845,24,15.789473684210526,NA,NA,NA,NA,NA
sdl,2016,28,NA,28,mesic,no snow,never affected,N+P,N+P,59,76,7,0,142,93,135,43.7037037037037,56.2962962962963,0.7763157894736842,33,24.444444444444443,NA,NA,NA,NA,NA
sdl,2016,29,NA,29,mesic,no snow,never affected,P,P,86,40,14,0,140,86,126,68.25396825396825,31.746031746031743,2.15,27,21.428571428571427,NA,NA,NA,NA,NA
sdl,2016,30,NA,30,mesic,no snow,never affected,P,P,124,41,0,3,168,100,168,73.80952380952381,24.404761904761905,3.024390243902439,41,24.404761904761905,NA,NA,NA,NA,NA
sdl,2016,31,NA,31,mesic,no snow,never affected,P,P,118,44,3,0,165,97,162,72.8395061728395,27.160493827160494,2.6818181818181817,50,30.864197530864196,NA,NA,NA,NA,NA
sdl,2016,32,NA,32,mesic,no snow,never affected,P,P,62,89,4,0,155,96,151,41.05960264900662,58.94039735099338,0.6966292134831461,20,13.245033112582782,NA,NA,NA,NA,NA
sdl,2016,49,NA,49,dry,snow,in snowfence area,C,C,81,24,19,0,124,81,105,77.14285714285715,22.857142857142858,3.375,35,33.33333333333333,NA,NA,NA,NA,NA
sdl,2016,50,NA,50,dry,snow,in snowfence area,C,C,62,62,10,0,134,90,124,50,50,1,38,30.64516129032258,NA,NA,NA,NA,NA
sdl,2016,51,NA,51,dry,snow,in snowfence area,C,C,77,32,15,1,125,85,110,70,29.09090909090909,2.40625,36,32.72727272727273,NA,NA,NA,NA,NA
sdl,2016,52,NA,52,dry,snow,in snowfence area,C,C,105,19,7,0,131,93,124,84.67741935483872,15.32258064516129,5.526315789473684,21,16.93548387096774,NA,NA,NA,NA,NA
sdl,2016,53,NA,53,dry,snow,in snowfence area,N,N,38,69,13,0,120,87,107,35.51401869158878,64.48598130841121,0.5507246376811594,14,13.084112149532709,NA,NA,NA,NA,NA
sdl,2016,54,NA,54,dry,snow,in snowfence area,N,N,14,84,16,0,114,84,98,14.285714285714285,85.71428571428571,0.16666666666666666,7,7.142857142857142,NA,NA,NA,NA,NA
sdl,2016,55,NA,55,dry,snow,in snowfence area,N,N,80,23,17,0,120,83,103,77.66990291262135,22.330097087378643,3.4782608695652173,8,7.766990291262135,NA,NA,NA,NA,NA
sdl,2016,56,NA,56,dry,snow,in snowfence area,N,N,92,11,18,0,121,82,103,89.32038834951457,10.679611650485436,8.363636363636363,29,28.155339805825243,NA,NA,NA,NA,NA
sdl,2016,57,NA,57,dry,snow,in snowfence area,N+P,N+P,37,59,10,0,106,90,96,38.54166666666667,61.458333333333336,0.6271186440677966,27,28.125,NA,NA,NA,NA,NA
sdl,2016,58,NA,58,dry,snow,in snowfence area,N+P,N+P,50,61,10,0,121,90,111,45.04504504504504,54.95495495495496,0.819672131147541,41,36.93693693693694,NA,NA,NA,NA,NA
sdl,2016,59,NA,59,dry,snow,in snowfence area,N+P,N+P,125,14,2,0,141,98,139,89.92805755395683,10.071942446043165,8.928571428571429,76,54.67625899280576,NA,NA,NA,NA,NA
sdl,2016,60,NA,60,dry,snow,in snowfence area,N+P,N+P,73,24,16,0,113,84,97,75.25773195876289,24.742268041237114,3.0416666666666665,56,57.73195876288659,NA,NA,NA,NA,NA
sdl,2016,61,NA,61,dry,snow,in snowfence area,P,P,55,35,27,0,117,73,90,61.111111111111114,38.88888888888889,1.5714285714285714,23,25.555555555555554,NA,NA,NA,NA,NA
sdl,2016,62,NA,62,dry,snow,snowfence recovery,P,P,95,47,6,0,148,94,142,66.90140845070422,33.098591549295776,2.021276595744681,51,35.91549295774648,NA,NA,NA,NA,NA
sdl,2016,63,NA,63,dry,snow,snowfence recovery,P,P,107,33,8,0,148,92,140,76.42857142857142,23.57142857142857,3.242424242424242,37,26.42857142857143,NA,NA,NA,NA,NA
sdl,2016,64,NA,64,dry,snow,snowfence recovery,P,P,76,8,29,0,113,71,84,90.47619047619048,9.523809523809524,9.5,18,21.428571428571427,NA,NA,NA,NA,NA
sdl,2016,65,NA,65,mesic,snow,in snowfence area,C,C,106,47,7,0,160,93,153,69.28104575163398,30.718954248366014,2.25531914893617,63,41.17647058823529,NA,NA,NA,NA,NA
sdl,2016,66,NA,66,mesic,snow,in snowfence area,C,C,61,47,21,2,131,79,110,55.45454545454545,42.72727272727273,1.297872340425532,20,18.181818181818183,NA,NA,NA,NA,NA
sdl,2016,67,NA,67,mesic,snow,in snowfence area,C,C,51,46,14,15,126,86,112,45.535714285714285,41.07142857142857,1.108695652173913,11,9.821428571428571,NA,NA,NA,NA,NA
sdl,2016,68,NA,68,mesic,snow,in snowfence area,C,C,96,29,14,0,139,86,125,76.8,23.200000000000003,3.310344827586207,2,1.6,NA,NA,NA,NA,NA
sdl,2016,69,NA,69,mesic,snow,snowfence recovery,N,N,35,93,7,0,135,93,128,27.34375,72.65625,0.3763440860215054,8,6.25,NA,NA,NA,NA,NA
sdl,2016,70,NA,70,mesic,snow,in snowfence area,N,N,80,46,13,2,141,87,128,62.5,35.9375,1.7391304347826086,36,28.125,NA,NA,NA,NA,NA
sdl,2016,71,NA,71,mesic,snow,in snowfence area,N,N,51,91,3,2,147,97,144,35.41666666666667,63.19444444444444,0.5604395604395604,27,18.75,NA,NA,NA,NA,NA
sdl,2016,72,NA,72,mesic,snow,in snowfence area,N,N,54,38,31,2,125,69,94,57.446808510638306,40.42553191489361,1.4210526315789473,34,36.17021276595745,NA,NA,NA,NA,NA
sdl,2016,73,NA,73,mesic,snow,in snowfence area,N+P,N+P,50,94,1,0,145,99,144,34.72222222222222,65.27777777777779,0.5319148936170213,36,25,NA,NA,NA,NA,NA
sdl,2016,74,NA,74,mesic,snow,snowfence recovery,N+P,N+P,31,99,0,0,130,100,130,23.846153846153847,76.15384615384615,0.31313131313131315,22,16.923076923076923,NA,NA,NA,NA,NA
sdl,2016,75,NA,75,mesic,snow,snowfence recovery,N+P,N+P,74,71,6,0,151,94,145,51.03448275862069,48.96551724137931,1.0422535211267605,41,28.27586206896552,NA,NA,NA,NA,NA
sdl,2016,76,NA,76,mesic,snow,snowfence recovery,N+P,N+P,59,92,1,0,152,99,151,39.0728476821192,60.9271523178808,0.6413043478260869,51,33.77483443708609,NA,NA,NA,NA,NA
sdl,2016,77,NA,77,mesic,snow,snowfence recovery,P,P,131,56,1,0,188,99,187,70.05347593582889,29.946524064171122,2.3392857142857144,64,34.22459893048128,NA,NA,NA,NA,NA
sdl,2016,78,NA,78,mesic,snow,snowfence recovery,P,P,80,88,0,0,168,100,168,47.61904761904761,52.38095238095239,0.9090909090909091,43,25.595238095238095,NA,NA,NA,NA,NA
sdl,2016,79,NA,79,mesic,snow,snowfence recovery,P,P,89,77,0,6,172,100,172,51.74418604651163,44.76744186046512,1.155844155844156,24,13.953488372093023,NA,NA,NA,NA,NA
sdl,2016,80,NA,80,mesic,snow,in snowfence area,P,P,77,39,12,0,128,88,116,66.37931034482759,33.62068965517241,1.9743589743589745,38,32.758620689655174,NA,NA,NA,NA,NA
sdl,2016,81,NA,81,mesic,snow,snowfence recovery,C,C,76,69,6,0,151,94,145,52.41379310344828,47.58620689655172,1.1014492753623188,26,17.93103448275862,NA,NA,NA,NA,NA
sdl,2016,82,NA,82,mesic,snow,snowfence recovery,C,C,96,43,9,0,148,91,139,69.06474820143885,30.935251798561154,2.2325581395348837,35,25.179856115107913,NA,NA,NA,NA,NA
sdl,2016,83,NA,83,mesic,snow,snowfence recovery,C,C,57,72,10,0,139,90,129,44.18604651162791,55.81395348837209,0.7916666666666666,18,13.953488372093023,NA,NA,NA,NA,NA
sdl,2016,84,NA,84,dry,snow,snowfence recovery,C,C,102,4,25,0,131,75,106,96.22641509433963,3.7735849056603774,25.5,17,16.037735849056602,NA,NA,NA,NA,NA
sdl,2016,85,NA,85,dry,snow,snowfence recovery,C,C,100,6,20,0,126,80,106,94.33962264150944,5.660377358490567,16.666666666666668,10,9.433962264150944,NA,NA,NA,NA,NA
sdl,2016,86,NA,86,dry,snow,snowfence recovery,C,C,69,38,14,0,121,86,107,64.48598130841121,35.51401869158878,1.8157894736842106,47,43.925233644859816,NA,NA,NA,NA,NA
